{
  "sensor": [
    {
      "accel": [
        {
          "x": 111.10101001,
          "y": 999.9999,
          "z": 999.9999
        }
      ],
	  "compass": [
        {
          "x": 999.2002020,
          "y": 999.9999,
          "z": 999.9999
        }
      ],
	  "gyro": [
        {
          "x": 999.9999,
          "y": 999.9999,
          "z": 999.9999,
		  "temp": 39.25
        }
      ],
      "dht22": [
        {
          "temp": 500.25,
          "hum": 82.25
        }
      ]
    }
  ],
  "analog": [
    {
      "24v": [
        {
          "1": 1023,
          "2": 1023,
          "3": 1023,
          "4": 1023
        }
      ],
      "12v": [
        {
          "1": 1023,
          "2": 1023,
          "3": 1023,
          "4": 1023
        }
      ],
      "5v": [
        {
          "1": 1023,
          "2": 1023,
          "3": 1023,
          "4": 1023
        }
      ]
    }
  ],
  "digital": [
    {
      "5v": [
        {
          "1": 255,
          "2": 255
        }
      ],
      "12v": [
        {
          "1": 1,
          "2": 1
        }
      ],
      "24v": [
        {
          "1": 1,
          "2": 1
        }
      ]
    }
  ]
}